{"stats":{"minecraft:used":{"minecraft:crafting_table":1,"minecraft:sunflower":7},"minecraft:custom":{"minecraft:time_since_rest":2707,"minecraft:crouch_one_cm":7,"minecraft:play_time":2707,"minecraft:sprint_one_cm":2833,"minecraft:damage_taken":52,"minecraft:walk_one_cm":8257,"minecraft:sneak_time":13,"minecraft:walk_under_water_one_cm":327,"minecraft:jump":33,"minecraft:damage_dealt":159,"minecraft:leave_game":1,"minecraft:time_since_death":2707,"minecraft:walk_on_water_one_cm":229,"minecraft:total_world_time":2707,"minecraft:swim_one_cm":797,"minecraft:interact_with_crafting_table":1,"minecraft:fall_one_cm":1463,"minecraft:fly_one_cm":3856},"minecraft:picked_up":{"minecraft:birch_log":6,"minecraft:wheat_seeds":2,"minecraft:sunflower":7},"minecraft:mined":{"minecraft:grass":14,"minecraft:sunflower":7,"minecraft:birch_log":6,"minecraft:tall_grass":4,"minecraft:birch_leaves":1},"minecraft:crafted":{"minecraft:birch_planks":24,"minecraft:crafting_table":1,"minecraft:stick":4,"minecraft:wooden_axe":1}},"DataVersion":2975}