{"stats":{"minecraft:used":{"minecraft:dirt":1},"minecraft:picked_up":{"minecraft:dirt":1,"minecraft:sunflower":5},"minecraft:custom":{"minecraft:jump":20,"minecraft:time_since_rest":3007,"minecraft:damage_dealt":102,"minecraft:leave_game":1,"minecraft:sprint_one_cm":5175,"minecraft:play_time":3007,"minecraft:damage_taken":55,"minecraft:time_since_death":3007,"minecraft:walk_one_cm":5696,"minecraft:total_world_time":3007,"minecraft:fall_one_cm":209,"minecraft:fly_one_cm":2937},"minecraft:mined":{"minecraft:grass":1,"minecraft:tall_grass":1,"minecraft:sunflower":3}},"DataVersion":2975}