{"stats":{"minecraft:picked_up":{"minecraft:wheat_seeds":3,"minecraft:sunflower":5},"minecraft:custom":{"minecraft:jump":37,"minecraft:time_since_rest":2709,"minecraft:leave_game":1,"minecraft:damage_dealt":35,"minecraft:crouch_one_cm":358,"minecraft:sprint_one_cm":3974,"minecraft:play_time":2709,"minecraft:damage_taken":189,"minecraft:time_since_death":2709,"minecraft:walk_one_cm":3205,"minecraft:sneak_time":46,"minecraft:total_world_time":2709,"minecraft:fall_one_cm":209,"minecraft:drop":3,"minecraft:fly_one_cm":4998},"minecraft:mined":{"minecraft:grass":13,"minecraft:grass_block":1,"minecraft:sunflower":6},"minecraft:dropped":{"minecraft:sunflower":3,"minecraft:wheat_seeds":2}},"DataVersion":2975}